{"75": 0.132891266, "90": 0.13600323690000002, "95": 0.13655149395, "99": 0.13699009959}