{"75": 0.13693432425000002, "90": 0.139163502, "95": 0.1395404265, "99": 0.1398419661}